"","start_station_name","casual","member","lat","lng","member_greater"
"1","2112 W Peterson Ave",429,601,41.9911735830437,-87.6835913535783,"green"
"2","351",2,NA,41.93,-87.78,NA
"3","63rd St Beach",1487,630,41.7809572870349,-87.5762473616826,"red"
"4","900 W Harrison St",2702,6175,41.8747525200432,-87.6498064060018,"green"
"5","Aberdeen St & Jackson Blvd",3765,8455,41.8777377888528,-87.6548093212208,"green"
"6","Aberdeen St & Monroe St",4039,7344,41.8804152867738,-87.6555460171043,"green"
"7","Aberdeen St & Randolph St",4114,6343,41.8841188514048,-87.6542710162783,"green"
"8","Ada St & 113th St",73,57,41.687567595568,-87.6554011047355,"red"
"9","Ada St & Washington Blvd",3197,6068,41.8828351757252,-87.6612043282659,"green"
"10","Adler Planetarium",10090,5413,41.8661009885966,-87.6072784850547,"red"
"11","Albany Ave & 26th St",185,137,41.8444893857336,-87.7020263455592,"red"
"12","Albany Ave & Belmont Ave",28,80,41.94,-87.71,"green"
"13","Albany Ave & Bloomingdale Ave",2532,2767,41.9140086266546,-87.7051461694764,"green"
"14","Albany Ave & Montrose Ave",891,1329,41.9610323849248,-87.7058576466742,"green"
"15","Altgeld Gardens",108,7,41.6569015137096,-87.5988243803711,"red"
"16","Archer (Damen) Ave & 37th St",324,226,41.8267153553976,-87.683148487743,"red"
"17","Archer Ave & 43rd St",25,16,41.82,-87.7,"red"
"18","Artesian Ave & 55th St",36,5,41.79,-87.69,"red"
"19","Artesian Ave & Hubbard St",826,2149,41.8895055379877,-87.6882083479148,"green"
"20","Ashland Ave & 13th St",661,2187,41.8652423825118,-87.6665093139102,"green"
"21","Ashland Ave & 50th St",138,32,41.8030189647059,-87.6646942382353,"red"
"22","Ashland Ave & 63rd St",144,74,41.7793723211009,-87.6648947905199,"red"
"23","Ashland Ave & 66th St",88,47,41.7740850641975,-87.6637799876543,"red"
"24","Ashland Ave & 74th St",132,36,41.7592032800249,-87.6634832796825,"red"
"25","Ashland Ave & 78th St",127,51,41.7522301708096,-87.6637829821034,"red"
"26","Ashland Ave & Archer Ave",547,626,41.8391735281232,-87.6656201731292,"green"
"27","Ashland Ave & Augusta Blvd",2780,5685,41.8996371254275,-87.6679178602096,"green"
"28","Ashland Ave & Belle Plaine Ave",1564,1725,41.9560642901051,-87.6688485024806,"green"
"29","Ashland Ave & Blackhawk St",5168,6235,41.907062755675,-87.6672470389833,"green"
"30","Ashland Ave & Chicago Ave",3978,6066,41.8958839985508,-87.6677344241501,"green"
"31","Ashland Ave & Division St",11465,14742,41.9034159484655,-87.6677994788057,"green"
"32","Ashland Ave & Garfield Blvd",98,19,41.7928513148148,-87.6644268774929,"red"
"33","Ashland Ave & Grace St",3262,4535,41.950684856333,-87.6686978423339,"green"
"34","Ashland Ave & Grand Ave",3110,3629,41.8910778752537,-87.6666393524334,"green"
"35","Ashland Ave & Lake St",2786,2726,41.885923266138,-87.6671673329779,"red"
"36","Ashland Ave & McDowell Ave",165,171,41.8088660402688,-87.6645309581677,"green"
"37","Ashland Ave & Pershing Rd",154,233,41.8234593690784,-87.66558466236,"green"
"38","Ashland Ave & Wellington Ave",2229,4186,41.9360874950646,-87.6698350358541,"green"
"39","Ashland Ave & Wrightwood Ave",3537,4039,41.9288335210799,-87.6685229050148,"green"
"40","Augusta Blvd & Laramie Ave",25,1,41.9,-87.76,"red"
"41","Austin Blvd & Chicago Ave",208,145,41.8948769179188,-87.7746037909613,"red"
"42","Austin Blvd & Lake St",553,196,41.8879227585118,-87.7744496147651,"red"
"43","Austin Blvd & Madison St",244,130,41.8802792853592,-87.7744676397201,"red"
"44","Avenue L & 114th St",28,1,41.69,-87.54,"red"
"45","Avenue O & 118th St",119,15,41.6810255033298,-87.5379825494684,"red"
"46","Avenue O & 134th St",107,15,41.6519038948617,-87.539622906281,"red"
"47","Avers Ave & Belmont Ave",1147,977,41.9394187894838,-87.7235581687387,"red"
"48","Avondale Ave & Irving Park Rd",957,812,41.9533946652495,-87.7319894247317,"red"
"49","Baltimore Ave & 87th St",154,77,41.7373390389845,-87.5484936503241,"red"
"50","Base - 2132 W Hubbard Warehouse",40,324,41.8891298804932,-87.6850566563998,"green"
"51","Bennett Ave & 79th St",85,24,41.7518016055046,-87.5785033394495,"red"
"52","Benson Ave & Church St",2736,3623,42.0482180681507,-87.6834832333178,"green"
"53","Bernard St & Elston Ave",648,896,41.9499262949698,-87.7139517273396,"green"
"54","Big Marsh Park",233,64,41.6858813586037,-87.5737841575162,"red"
"55","Bissell St & Armitage Ave",9108,11392,41.9184252242489,-87.6522171366752,"green"
"56","Blackstone Ave & Hyde Park Blvd",2340,2982,41.802559955363,-87.5903513479968,"green"
"57","Bloomingdale Ave & Harlem Ave",31,10,41.91,-87.81,"red"
"58","Blue Island Ave & 18th St",2610,3440,41.8575258603299,-87.661571391276,"green"
"59","Bosworth Ave & Howard St",379,622,42.0195360046853,-87.6695447260892,"green"
"60","Bradley Park",105,15,41.7179008753834,-87.5646100406796,"red"
"61","Broadway & Argyle St",3678,5714,41.9737904516974,-87.6597153885383,"green"
"62","Broadway & Barry Ave",12988,17932,41.9376034046883,-87.6440991565338,"green"
"63","Broadway & Belmont Ave",7597,9944,41.9401049282146,-87.6454605387146,"green"
"64","Broadway & Berwyn Ave",2961,5826,41.9783531728779,-87.6597589666304,"green"
"65","Broadway & Cornelia Ave",9127,12918,41.9455276636674,-87.6464408293915,"green"
"66","Broadway & Granville Ave",3307,4649,41.9947784690074,-87.6602761254979,"green"
"67","Broadway & Ridge Ave",2745,4578,41.9840522768237,-87.6602665153992,"green"
"68","Broadway & Sheridan Rd",6342,8613,41.9528219450292,-87.6499973115551,"green"
"69","Broadway & Thorndale Ave",2918,4393,41.9897473768892,-87.6601354486478,"green"
"70","Broadway & Waveland Ave",8309,13510,41.9490720396112,-87.6486257170669,"green"
"71","Broadway & Wilson - Truman College Vaccination Site",3950,6052,41.9652111790075,-87.6582022031253,"green"
"72","Buckingham Fountain",12377,2041,41.8758484993474,-87.6208274900766,"red"
"73","Budlong Woods Library",573,608,41.9836768207189,-87.6964170598124,"green"
"74","Burling St & Diversey Pkwy",5782,9269,41.933128732228,-87.6477578225481,"green"
"75","Burnham Greenway & 105th St",209,42,41.7046025855949,-87.5283223108094,"red"
"76","Burnham Greenway & 112th St",2,NA,41.6917738511683,-87.5304311513901,NA
"77","Burnham Harbor",5342,8435,41.856269099692,-87.6133409073747,"green"
"78","California & 16th St",NA,1,41.86,-87.7,NA
"79","California Ave & 21st St",655,759,41.8537986836843,-87.6957749763239,"green"
"80","California Ave & 23rd Pl",260,636,41.8491189741671,-87.6951527933658,"green"
"81","California Ave & 26th St",149,192,41.844033482934,-87.6953020829728,"green"
"82","California Ave & 29th St",2,2,41.84,-87.69,"green"
"83","California Ave & 36th St",15,2,41.83,-87.69,"red"
"84","California Ave & Altgeld St",2218,2381,41.9266765197957,-87.6977057976806,"green"
"85","California Ave & Byron St",1115,1299,41.9521582484107,-87.6980618253626,"green"
"86","California Ave & Cortez St",2581,3025,41.9003638269861,-87.696715168312,"green"
"87","California Ave & Division St",2322,2068,41.9030241458096,-87.6974895796554,"red"
"88","California Ave & Fletcher St",1794,1768,41.9384283648757,-87.6980160689896,"red"
"89","California Ave & Francis Pl (Temp)",2526,2391,41.9185200353059,-87.6974421412304,"red"
"90","California Ave & Lake St",554,472,41.8844614296803,-87.6962952766463,"red"
"91","California Ave & Marquette Rd",18,1,41.77,-87.69,"red"
"92","California Ave & Milwaukee Ave",6361,5914,41.9226840913009,-87.6971511267438,"red"
"93","California Ave & Montrose Ave",1232,1946,41.9610797787613,-87.6954354028483,"green"
"94","California Ave & North Ave",2538,2665,41.9104325969386,-87.6971764296772,"green"
"95","California Ave & Winona St",20,69,41.97,-87.7,"green"
"96","Calumet Ave & 18th St",3960,5964,41.8576287839747,-87.6194247125361,"green"
"97","Calumet Ave & 21st St",2165,1900,41.8541518421872,-87.6191642766264,"red"
"98","Calumet Ave & 33rd St",864,4728,41.8348829074753,-87.6179216915084,"green"
"99","Calumet Ave & 35th St",809,1384,41.8313808137594,-87.6180336885694,"green"
"100","Calumet Ave & 51st St",832,369,41.8022834801507,-87.6180667233413,"red"
"101","Calumet Ave & 71st St",75,18,41.7655074420668,-87.6169279415771,"red"
"102","Calumet Park",365,51,41.7137144515711,-87.5308285827461,"red"
"103","Campbell Ave & 51st St",10,3,41.8,-87.69,"red"
"104","Campbell Ave & Fullerton Ave",1902,1978,41.9246407538141,-87.6893053615159,"green"
"105","Campbell Ave & Montrose Ave",752,2359,41.9615463100569,-87.6911692348495,"green"
"106","Campbell Ave & North Ave",3460,3260,41.9105354325733,-87.6895642550984,"red"
"107","Canal St & Adams St",5580,12302,41.8793249558372,-87.6399409622582,"green"
"108","Canal St & Harrison St",1093,2092,41.8742472344201,-87.6395826883776,"green"
"109","Canal St & Jackson Blvd",1888,5220,41.8772357003187,-87.6394177854697,"green"
"110","Canal St & Madison St",4545,9229,41.88207865661,-87.6398525444612,"green"
"111","Canal St & Monroe St",2772,6561,41.8816871531704,-87.6395067986771,"green"
"112","Canal St & Taylor St",2553,3536,41.8702296115633,-87.6394729858128,"green"
"113","Cannon Dr & Fullerton Ave",5406,2457,41.9267545632802,-87.6344360801515,"red"
"114","Carpenter St & 63rd St",30,13,41.7798890697674,-87.650904875969,"red"
"115","Carpenter St & Huron St",4723,6746,41.8945500946005,-87.6534525902016,"green"
"116","Central Ave & Chicago Ave",181,421,41.8949534901794,-87.7649089230133,"green"
"117","Central Ave & Harrison St",161,60,41.8729990535445,-87.764498826546,"red"
"118","Central Ave & Lake St",293,119,41.887667448373,-87.7654691017306,"red"
"119","Central Ave & Madison St",108,153,41.8801248102158,-87.7632312853985,"green"
"120","Central Ave & Parker Ave",114,28,41.93,-87.77,"red"
"121","Central Ave & Roscoe St",87,58,41.94,-87.77,"red"
"122","Central Park & Augusta Blvd",22,35,41.9,-87.72,"green"
"123","Central Park Ave & 24th St",135,66,41.8481035228342,-87.7150821943682,"red"
"124","Central Park Ave & Bloomingdale Ave",1955,1398,41.9141632092956,-87.7167570596,"red"
"125","Central Park Ave & Douglas Blvd",87,12,41.86,-87.72,"red"
"126","Central Park Ave & Elbridge Ave",1099,1170,41.9353419190495,-87.7168636863878,"green"
"127","Central Park Ave & North Ave",941,396,41.9096519177135,-87.7166393456735,"red"
"128","Central Park Ave & Ogden Ave",408,329,41.853985357083,-87.7151088100206,"red"
"129","Central Park Ave & Ohio St",20,6,41.89,-87.72,"red"
"130","Central Park Blvd & 5th Ave",200,144,41.8756793844399,-87.7154869378614,"red"
"131","Central St & Girard Ave",609,575,42.0643046885208,-87.6861452866357,"red"
"132","Central St Metra",645,785,42.0636837608291,-87.6987148870392,"green"
"133","Cherry Ave & Blackhawk St",672,1171,41.9072253424174,-87.6556319156806,"green"
"134","Chicago Ave & Sheridan Rd",2693,1950,42.0504891971348,-87.6778204976575,"red"
"135","Chicago Ave & Washington St",1436,2527,42.0325638118436,-87.6791256403562,"green"
"136","Chicago State University",290,516,41.7189671222769,-87.6083417546157,"green"
"137","Christiana Ave & Lawrence Ave",788,839,41.9683544123287,-87.7118355111471,"green"
"138","Cicero Ave & Flournoy St",64,50,41.8721331491228,-87.7466361140351,"red"
"139","Cicero Ave & Grace St",69,21,41.95,-87.75,"red"
"140","Cicero Ave & Lake St",203,38,41.8868627681798,-87.7453143663347,"red"
"141","Cicero Ave & Quincy St",101,19,41.8776159952444,-87.7454040137722,"red"
"142","Cityfront Plaza Dr & Pioneer Ct",6978,7354,41.8905383898037,-87.622050144807,"green"
"143","Claremont Ave & Hirsch St",1308,1440,41.9077731991764,-87.6858596520171,"green"
"144","Clarendon Ave & Gordon Ter",5001,8755,41.9578536303188,-87.649502044507,"green"
"145","Clarendon Ave & Junior Ter",5049,7553,41.9610039190865,-87.6495766518647,"green"
"146","Clarendon Ave & Leland Ave",3088,4231,41.9679599391104,-87.6500054313092,"green"
"147","Clark St & 9th St (AMLI)",2975,3938,41.8708117649051,-87.6312117622056,"green"
"148","Clark St & Armitage Ave",16213,16648,41.9183066766187,-87.6362928556612,"green"
"149","Clark St & Berwyn Ave",4758,6043,41.9780063116723,-87.6680960243029,"green"
"150","Clark St & Bryn Mawr Ave",2745,4836,41.9835790084199,-87.6691572870543,"green"
"151","Clark St & Chicago Ave",6699,8665,41.8967171122487,-87.6308783813746,"green"
"152","Clark St & Columbia Ave",779,1738,42.0044566654294,-87.6724017977028,"green"
"153","Clark St & Drummond Pl",10574,13554,41.9312495001247,-87.6443155705057,"green"
"154","Clark St & Elm St",16500,24816,41.9029296382191,-87.6313785873292,"green"
"155","Clark St & Elmdale Ave",1188,2260,41.990860848504,-87.6697106231351,"green"
"156","Clark St & Grace St",9351,8292,41.9508053888524,-87.6591763833757,"red"
"157","Clark St & Ida B Wells Dr",2063,3675,41.8759263206846,-87.6306865085374,"green"
"158","Clark St & Jarvis Ave",333,795,42.0159671493978,-87.6750001447148,"green"
"159","Clark St & Lake St",7163,9690,41.885987350231,-87.6308912317418,"green"
"160","Clark St & Leland Ave",3857,6001,41.9670940027445,-87.6674434502313,"green"
"161","Clark St & Lincoln Ave",16991,16355,41.9157015442315,-87.6346063175016,"red"
"162","Clark St & Lunt Ave",955,1860,42.0090592866187,-87.6741814494129,"green"
"163","Clark St & Montrose Ave",2408,4215,41.9615774256981,-87.6661001679097,"green"
"164","Clark St & Newport St",13071,10511,41.9445334375015,-87.6547013162347,"red"
"165","Clark St & North Ave",7354,6797,41.9119637433703,-87.6319695899717,"red"
"166","Clark St & Randolph St",6053,10582,41.8845971560988,-87.6317604502173,"green"
"167","Clark St & Schiller St",9454,13540,41.9080002649607,-87.6315198836303,"green"
"168","Clark St & Schreiber Ave",1097,1922,41.9992533004015,-87.6713725233033,"green"
"169","Clark St & Touhy Ave",353,850,42.012564449716,-87.6743074159644,"green"
"170","Clark St & Wellington Ave",8331,11651,41.9365002146189,-87.6475520508007,"green"
"171","Clark St & Winnemac Ave",5225,7949,41.9733519254106,-87.6678446457586,"green"
"172","Clark St & Wrightwood Ave",11203,14610,41.9295598964109,-87.6431284958163,"green"
"173","Clifton Ave & Armitage Ave",4405,7640,41.9182127217539,-87.656963842699,"green"
"174","Clinton St & 18th St",1081,2038,41.8579339390836,-87.6408358878106,"green"
"175","Clinton St & Jackson Blvd",3770,10812,41.8783120781304,-87.6410073263691,"green"
"176","Clinton St & Lake St",5863,12616,41.8855828868061,-87.6418425978096,"green"
"177","Clinton St & Madison St",7776,17543,41.8821605265612,-87.6410933709212,"green"
"178","Clinton St & Polk St",651,714,41.8714590079157,-87.6409456106714,"green"
"179","Clinton St & Roosevelt Rd",3582,4846,41.867117745074,-87.6410779663328,"green"
"180","Clinton St & Tilden St",1285,2231,41.8758747904748,-87.6407760293191,"green"
"181","Clinton St & Washington Blvd",5469,16056,41.8833678124123,-87.6412167883437,"green"
"182","Clybourn Ave & Division St",2455,4809,41.9046017311842,-87.6405654030694,"green"
"183","Clyde Ave & 87th St",124,56,41.7371624831505,-87.572720338438,"red"
"184","Columbus Dr & Randolph St",10780,13357,41.8846669082501,-87.6195221961667,"green"
"185","Commercial Ave & 100th St",85,5,41.7133151200558,-87.5511892686168,"red"
"186","Commercial Ave & 130th St",142,18,41.6591473399595,-87.5507763040377,"red"
"187","Commercial Ave & 83rd St",100,39,41.7446226965899,-87.5512103858945,"red"
"188","Conservatory Dr & Lake St",622,382,41.8854976450203,-87.7168584153048,"red"
"189","Constance Ave & 95th St",91,18,41.7222043487288,-87.5789679685848,"red"
"190","Cornell Ave & Hyde Park Blvd",3462,4994,41.8024210222483,-87.5868905927601,"green"
"191","Cornell Dr & Hayes Dr",392,164,41.7805896089772,-87.5849091144472,"red"
"192","Cottage Grove Ave & 111th Pl",162,57,41.6916828531982,-87.61000028663,"red"
"193","Cottage Grove Ave & 43rd St",501,384,41.816492888968,-87.6065866226817,"red"
"194","Cottage Grove Ave & 47th St",698,566,41.8098485573204,-87.6067503078162,"red"
"195","Cottage Grove Ave & 51st St",735,526,41.8030297673616,-87.606611718926,"red"
"196","Cottage Grove Ave & 63rd St",580,378,41.7806135671473,-87.6058217746393,"red"
"197","Cottage Grove Ave & 67th St",225,74,41.7737239459098,-87.6056350265162,"red"
"198","Cottage Grove Ave & 71st St",142,23,41.7657217837479,-87.6049778403051,"red"
"199","Cottage Grove Ave & 78th St",183,43,41.7531782581121,-87.6050180250737,"red"
"200","Cottage Grove Ave & 83rd St",182,83,41.7434418842969,-87.6048466931811,"red"
"201","Cottage Grove Ave & Oakwood Blvd",1158,740,41.8229766757352,-87.6071028597432,"red"
"202","Daley Center Plaza",6722,12550,41.8841787611379,-87.6295952394941,"green"
"203","Damen Ave & 33rd St",19,22,41.83,-87.68,"green"
"204","Damen Ave & 51st St",97,14,41.8009113513514,-87.6746708828829,"red"
"205","Damen Ave & 59th St",118,26,41.7857142219847,-87.6740882938714,"red"
"206","Damen Ave & Charleston St",3270,3580,41.9200751083885,-87.6778877957871,"green"
"207","Damen Ave & Chicago Ave",5404,7423,41.8957198805895,-87.6771738550422,"green"
"208","Damen Ave & Clybourn Ave",2081,3307,41.9319148273043,-87.6778349849031,"green"
"209","Damen Ave & Cortland St",6284,7187,41.9159834806107,-87.677328524013,"green"
"210","Damen Ave & Coulter St",319,344,41.8491961798105,-87.6756448720352,"green"
"211","Damen Ave & Cullerton St",1330,1605,41.8549671318247,-87.6756703310304,"green"
"212","Damen Ave & Division St",5234,6451,41.903265488068,-87.6784537046543,"green"
"213","Damen Ave & Foster Ave",1756,2459,41.9756199808686,-87.6794519431148,"green"
"214","Damen Ave & Grand Ave",2632,3253,41.8912866877758,-87.6768663413094,"green"
"215","Damen Ave & Leland Ave",1863,4245,41.9670960048659,-87.6790402319572,"green"
"216","Damen Ave & Madison St",1724,2044,41.8813880035535,-87.6749234428379,"green"
"217","Damen Ave & Melrose Ave",2036,1848,41.9405878758349,-87.6785313473259,"red"
"218","Damen Ave & Pershing Rd",290,245,41.8231910956498,-87.6766105017477,"red"
"219","Damen Ave & Pierce Ave",11286,11444,41.90939573899,-87.6776942455125,"green"
"220","Damen Ave & Sunnyside Ave",1261,2366,41.9632542676676,-87.6792778168321,"green"
"221","Damen Ave & Thomas St (Augusta Blvd)",3677,4979,41.9013279398449,-87.6774248365478,"green"
"222","Damen Ave & Wabansia Ave",632,616,41.91,-87.68,"red"
"223","Damen Ave & Walnut (Lake) St",1401,1659,41.8859486486719,-87.6770114972638,"green"
"224","Damen Ave & Wellington Ave",2417,2749,41.9358809443177,-87.6784309803083,"green"
"225","Dauphin Ave & 103rd St",110,20,41.7072800600377,-87.6076690716354,"red"
"226","Dauphin Ave & 87th St",234,42,41.7365187690844,-87.6012612610716,"red"
"227","Dayton St & North Ave",5794,7162,41.9105895920696,-87.6494193671726,"green"
"228","Dearborn Pkwy & Delaware Pl",10091,14356,41.8989564477484,-87.6299032837003,"green"
"229","Dearborn St & Adams St",3719,5795,41.8792308279412,-87.6297486490158,"green"
"230","Dearborn St & Erie St",12531,19412,41.8940341933981,-87.6293113950169,"green"
"231","Dearborn St & Monroe St",6902,11650,41.8812008008508,-87.6296107333519,"green"
"232","Dearborn St & Van Buren St",3855,4661,41.8762559964678,-87.6292320739931,"green"
"233","Delano Ct & Roosevelt Rd",3380,3895,41.8674915754966,-87.6321919319864,"green"
"234","Desplaines St & Jackson Blvd",3518,8849,41.8777312963017,-87.6440516763561,"green"
"235","Desplaines St & Kinzie St",9164,16995,41.8886683128631,-87.6444225006655,"green"
"236","Desplaines St & Randolph St",5599,7625,41.8846012557595,-87.6445459028715,"green"
"237","DIVVY CASSETTE REPAIR MOBILE STATION",4,NA,41.8810015833333,-87.6167456666667,NA
"238","Dodge Ave & Church St",321,483,42.0483106586194,-87.6982961034299,"green"
"239","Dodge Ave & Main St",249,218,42.0347202533278,-87.6991693932729,"red"
"240","Dodge Ave & Mulford St",315,271,42.023543425616,-87.699612075934,"red"
"241","Dorchester Ave & 49th St",631,909,41.8057855656307,-87.5924698287747,"green"
"242","Dorchester Ave & 63rd St",619,271,41.7804081736943,-87.5914077414615,"red"
"243","Doty Ave & 111th St",22,4,41.695041841555,-87.598741913307,"red"
"244","Drake Ave & Addison St",489,549,41.9473583441114,-87.7175973529107,"green"
"245","Drake Ave & Montrose Ave",508,894,41.9611592454221,-87.7165825343497,"green"
"246","Dusable Harbor",15205,5534,41.8869711179003,-87.6128122984044,"red"
"247","DuSable Lake Shore Dr & Belmont Ave",6092,6339,41.9407643208866,-87.6391888868321,"green"
"248","DuSable Lake Shore Dr & Diversey Pkwy",5604,6136,41.9325837711987,-87.6364239922942,"green"
"249","DuSable Lake Shore Dr & Monroe St",16509,5081,41.8809747040197,-87.6167453241991,"red"
"250","DuSable Lake Shore Dr & North Blvd",14874,9667,41.9117220666192,-87.6268055196453,"red"
"251","DuSable Lake Shore Dr & Ohio St",6148,4328,41.8925596577895,-87.6144860409316,"red"
"252","DuSable Lake Shore Dr & Wellington Ave",5433,6507,41.9366945557362,-87.6368294045244,"green"
"253","DuSable Museum",454,441,41.7915554013859,-87.6078540385923,"red"
"254","East End Ave & 87th St",112,73,41.7367959679546,-87.5828185515435,"red"
"255","Eastlake Ter & Rogers Ave",836,1786,42.0208868997635,-87.6650557883655,"green"
"256","Eberhart Ave & 131st St",112,21,41.6580703228059,-87.6107590297355,"red"
"257","Eberhart Ave & 61st St",495,110,41.7841103535814,-87.6132880596784,"red"
"258","Eberhart Ave & 91st St",148,47,41.729321425957,-87.6108118702176,"red"
"259","Eckhart Park",4386,6213,41.8963841943017,-87.6609978436518,"green"
"260","Eggleston Ave & 69th St",132,15,41.7689031609977,-87.6358594546485,"red"
"261","Eggleston Ave & 92nd St",198,62,41.7276201825878,-87.6348700279694,"red"
"262","Elizabeth (May) St & Fulton St",2195,3851,41.8866020658931,-87.6581865568398,"green"
"263","Elizabeth St & 47th St",63,27,41.8083959296296,-87.6565329351852,"red"
"264","Elizabeth St & 59th St",40,20,41.7879024157714,-87.655401863372,"red"
"265","Elizabeth St & 92nd St",210,8,41.7268176239305,-87.6542989551105,"red"
"266","Ellis Ave & 53rd St",2150,4529,41.7993506376782,-87.6009659024123,"green"
"267","Ellis Ave & 55th St",3377,10633,41.7942970770437,-87.6014479370991,"green"
"268","Ellis Ave & 58th St",1782,6347,41.7887338110101,-87.6013178288495,"green"
"269","Ellis Ave & 60th St",4678,15457,41.7851006202449,-87.6010768659056,"green"
"270","Ellis Ave & 83rd St",178,18,41.7441237644558,-87.5990446343537,"red"
"271","Elmwood Ave & Austin St",374,723,42.0257814883494,-87.6841057518171,"green"
"272","Elston Ave & Cortland St",3092,4019,41.9164396340695,-87.6667556699485,"green"
"273","Elston Ave & George St",35,63,41.93,-87.69,"green"
"274","Elston Ave & Henderson St",39,26,41.94,-87.7,"red"
"275","Elston Ave & Wabansia Ave",1411,1925,41.9129025667399,-87.6641710820581,"green"
"276","Emerald Ave & 28th St",622,1984,41.8435821115579,-87.6453818510334,"green"
"277","Emerald Ave & 31st St",1341,4293,41.8382028814042,-87.6451379725482,"green"
"278","Evans Ave & 75th St",104,45,41.7584943033177,-87.6064223767293,"red"
"279","Evanston Civic Center",893,727,42.0570368531665,-87.6865679809066,"red"
"280","Ewing Ave & Burnham Greenway",75,45,41.7138188583293,-87.5362855563412,"red"
"281","Exchange Ave & 79th St",152,107,41.7517136492896,-87.5528130222072,"red"
"282","Fairbanks Ct & Grand Ave",12885,13600,41.8918772211436,-87.6206080740446,"green"
"283","Fairbanks St & Superior St",3357,6543,41.8957562308916,-87.6201181979573,"green"
"284","Fairfield Ave & 44th St",18,1,41.81,-87.69,"red"
"285","Fairfield Ave & Roosevelt Rd",347,363,41.8666364948685,-87.6945211112948,"green"
"286","Federal St & Polk St",8570,11378,41.8720930188466,-87.6295674709499,"green"
"287","Field Blvd & South Water St",6614,7221,41.8862607708541,-87.6174929352707,"green"
"288","Field Museum",7041,1653,41.8653092117434,-87.6179026611123,"red"
"289","Financial Pl & Ida B Wells Dr",2600,4990,41.8750148287892,-87.6330923686581,"green"
"290","Fort Dearborn Dr & 31st St",6192,4625,41.8385454703121,-87.6082066809043,"red"
"291","Francisco Ave & 47th St",24,4,41.81,-87.7,"red"
"292","Francisco Ave & Bloomingdale Ave",10,29,41.91,-87.7,"green"
"293","Francisco Ave & Foster Ave",930,1480,41.9756271695896,-87.7014639616572,"green"
"294","Francisco Ave & Hollywood Ave",6,3,41.98,-87.7,"red"
"295","Francisco Ave & Montrose Ave",11,22,41.96,-87.7,"green"
"296","Franklin St & Adams St (Temp)",4180,5891,41.8793239135753,-87.6355017592034,"green"
"297","Franklin St & Chicago Ave",5084,9986,41.8967610059656,-87.6356994949926,"green"
"298","Franklin St & Illinois St",7119,10837,41.8910236696804,-87.6354566982113,"green"
"299","Franklin St & Jackson Blvd",7910,9843,41.8777363912778,-87.6352769797979,"green"
"300","Franklin St & Lake St",6117,10595,41.8858140461636,-87.6354777697147,"green"
"301","Franklin St & Monroe St",4705,9380,41.8801891581598,-87.6352654493826,"green"
"302","Fullerton & Monitor",6,12,41.92,-87.77,"green"
"303","Glenwood Ave & Morse Ave",1800,2682,42.0079679099627,-87.6654848154728,"green"
"304","Glenwood Ave & Touhy Ave",870,1304,42.0127238181854,-87.6660464265619,"green"
"305","Green St & Madison St",11005,16366,41.881878576204,-87.6487956634063,"green"
"306","Green St & Randolph St",10247,11120,41.8836266499151,-87.648636491873,"green"
"307","Greenview Ave & Diversey Pkwy",3471,4323,41.9326017978845,-87.6659494646691,"green"
"308","Greenview Ave & Fullerton Ave",5813,7925,41.9253571966473,-87.6658101941907,"green"
"309","Greenview Ave & Jarvis Ave",950,2311,42.0159663995849,-87.668589301407,"green"
"310","Greenwood Ave & 47th St",1151,1027,41.8098223680081,-87.5993645382972,"red"
"311","Greenwood Ave & 79th St",153,39,41.7512942934028,-87.5975273046875,"red"
"312","Greenwood Ave & 91st St",66,8,41.7284684335298,-87.5972826001109,"red"
"313","Greenwood Ave & 97th St",258,37,41.7187058588875,-87.597003188764,"red"
"314","Hale Ave & 107th St",212,87,41.6992104631599,-87.6688788350548,"red"
"315","Halsted & 63rd - Kennedy-King Vaccination Site",164,76,41.7793867112847,-87.6446414627097,"red"
"316","Halsted St & 104th St",162,31,41.705167110786,-87.6424159005405,"red"
"317","Halsted St & 111th St",150,80,41.6922785579542,-87.642679523816,"red"
"318","Halsted St & 18th St",729,970,41.8575149973985,-87.6461962938841,"green"
"319","Halsted St & 18th St (Temp)",802,1028,41.8583770160027,-87.6463689612554,"green"
"320","Halsted St & 21st St",1171,933,41.853786216133,-87.6465897238583,"red"
"321","Halsted St & 35th St",845,1127,41.8306655138773,-87.6471494073742,"green"
"322","Halsted St & 37th St",314,359,41.8270701474908,-87.6457239620183,"green"
"323","Halsted St & 47th Pl",310,429,41.8081560076222,-87.645632108399,"green"
"324","Halsted St & 51st St",67,58,41.8021388391867,-87.6458462329653,"red"
"325","Halsted St & 56th St",80,27,41.792956326903,-87.6449975338022,"red"
"326","Halsted St & 59th St",40,13,41.7875597075472,-87.6448753930818,"red"
"327","Halsted St & 69th St",71,23,41.7690573896704,-87.6446110211039,"red"
"328","Halsted St & 73rd St",115,16,41.7616313665734,-87.6441071557542,"red"
"329","Halsted St & 78th St",109,34,41.7525113993847,-87.6437735889294,"red"
"330","Halsted St & 96th St",130,96,41.719716349045,-87.6428999149806,"red"
"331","Halsted St & Archer Ave",838,1067,41.8471935457433,-87.6468132532206,"green"
"332","Halsted St & Clybourn Ave",7629,12261,41.9096502994244,-87.6481227104419,"green"
"333","Halsted St & Dickens Ave",7849,10330,41.9199488420915,-87.6488397824062,"green"
"334","Halsted St & Maxwell St",2957,5450,41.8648740304378,-87.6470755213988,"green"
"335","Halsted St & North Branch St",1081,1561,41.8994721734267,-87.6485873401138,"green"
"336","Halsted St & Polk St",1957,8468,41.8718346444532,-87.646637549744,"green"
"337","Halsted St & Roosevelt Rd",1211,3761,41.8673402554295,-87.6486276127971,"green"
"338","Halsted St & Roscoe St",11061,12452,41.943676061515,-87.648939172561,"green"
"339","Halsted St & Willow St",4706,8004,41.9138601705651,-87.6487698670709,"green"
"340","Halsted St & Wrightwood Ave",8756,11507,41.9291501976096,-87.6490930516469,"green"
"341","Hamlin Ave & 62nd Pl",23,NA,41.78,-87.72,NA
"342","Hampden Ct & Diversey Ave",258,433,41.93,-87.64,"green"
"343","Harding Ave & 26th St",30,8,41.84,-87.72,"red"
"344","Harlem & Irving Park",93,35,41.95,-87.81,"red"
"345","Harlem Ave & Grace St",52,15,41.95,-87.81,"red"
"346","Harper Ave & 59th St",1202,3050,41.787942907175,-87.5883071593869,"green"
"347","Hastings WH 2",NA,1,41.863533139,-87.679664254,NA
"348","Hegewisch Metra Station",64,21,41.6485556114189,-87.5461765682689,"red"
"349","Hermitage Ave & Polk St",345,1259,41.8715147145561,-87.6698959010156,"green"
"350","Homan Ave & Fillmore St",109,12,41.87,-87.71,"red"
"351","Homewood Ave & 115th St",192,26,41.6845911802129,-87.6708047248948,"red"
"352","Honore St & Division St",6299,6058,41.9031270393045,-87.6739040242502,"red"
"353","Houston Ave & 92nd St",113,41,41.7281987006064,-87.5496217103466,"red"
"354","Hoyne Ave & 34th St",18,15,41.83,-87.68,"red"
"355","Hoyne Ave & 47th St",195,105,41.8082268623278,-87.6771946195511,"red"
"356","Hoyne Ave & Balmoral Ave",890,1382,41.9798714191058,-87.6819417418455,"green"
"357","Humboldt Blvd & Armitage Ave",3532,2772,41.9175002263116,-87.7018103746295,"red"
"358","Indiana Ave & 103rd St",115,33,41.7071712170248,-87.6184073394947,"red"
"359","Indiana Ave & 133rd St",3,1,41.65,-87.62,"red"
"360","Indiana Ave & 26th St",923,2179,41.8456893561311,-87.6224978131032,"green"
"361","Indiana Ave & 31st St",1005,3147,41.8388298640413,-87.6218595682938,"green"
"362","Indiana Ave & 40th St",312,348,41.8216757757551,-87.6215197107111,"green"
"363","Indiana Ave & Roosevelt Rd",16599,13320,41.8679026366728,-87.6230382973267,"red"
"364","Jefferson St & Monroe St",3188,5903,41.8801803052258,-87.6427031939976,"green"
"365","Jeffery Blvd & 67th St",568,208,41.7735206120973,-87.5772233358398,"red"
"366","Jeffery Blvd & 71st St",309,112,41.7666291897864,-87.5764499956988,"red"
"367","Jeffery Blvd & 76th St",176,37,41.7571227834424,-87.5758452977164,"red"
"368","Karlov Ave & Madison St",110,29,41.8808509808153,-87.727930529976,"red"
"369","Kedzie Ave & 104th St",48,7,41.7,-87.7,"red"
"370","Kedzie Ave & 110th St",123,20,41.6923947207878,-87.7009598684427,"red"
"371","Kedzie Ave & 21st St",260,110,41.8535365062794,-87.7050683064616,"red"
"372","Kedzie Ave & 24th St",135,68,41.8481979291043,-87.7054239693369,"red"
"373","Kedzie Ave & 45th St",3,4,41.81,-87.7,"green"
"374","Kedzie Ave & 48th Pl",106,28,41.8,-87.7,"red"
"375","Kedzie Ave & 52nd St",53,30,41.8,-87.7,"red"
"376","Kedzie Ave & 57th St",50,6,41.79,-87.7,"red"
"377","Kedzie Ave & Bryn Mawr Ave",500,562,41.9820086018984,-87.7089464281265,"green"
"378","Kedzie Ave & Chicago Ave",452,358,41.8954714796346,-87.7061375882711,"red"
"379","Kedzie Ave & Foster Ave",631,665,41.975671167579,-87.7092689642824,"green"
"380","Kedzie Ave & George St",34,122,41.93,-87.71,"green"
"381","Kedzie Ave & Harrison St",173,64,41.873613282978,-87.704875446407,"red"
"382","Kedzie Ave & Lake St",540,307,41.8845939874696,-87.7063134860121,"red"
"383","Kedzie Ave & Leland Ave",734,664,41.9666808535047,-87.7080742500085,"red"
"384","Kedzie Ave & Milwaukee Ave",6885,5560,41.9295800372396,-87.7079004905392,"red"
"385","Kedzie Ave & Palmer Ct",2328,2636,41.9215210635529,-87.7073337703016,"green"
"386","Kedzie Ave & Roosevelt Rd",292,52,41.8665047274104,-87.7064920411795,"red"
"387","Keeler Ave & Roosevelt Rd",59,13,41.87,-87.73,"red"
"388","Kenneth Ave & 50th St",9,7,41.8,-87.73,"red"
"389","Kenosha & Wellington",49,44,41.93,-87.73,"red"
"390","Kenton Ave & Madison St",92,23,41.8807050043478,-87.7410211072464,"red"
"391","Keystone Ave & Fullerton Ave",660,314,41.9245820939302,-87.7278729848268,"red"
"392","Keystone Ave & Montrose Ave",487,402,41.9610922880442,-87.7289717548656,"red"
"393","Kilbourn & Belden",88,138,41.92,-87.74,"green"
"394","Kilbourn & Roscoe",119,147,41.94,-87.74,"green"
"395","Kilbourn Ave & Irving Park Rd",229,256,41.9537412273766,-87.7405623528076,"green"
"396","Kilbourn Ave & Milwaukee Ave",214,170,41.9475997476763,-87.7399971604704,"red"
"397","Kildare Ave & 26th St",16,7,41.84,-87.73,"red"
"398","Kildare Ave & 47th St",9,1,41.81,-87.73,"red"
"399","Kildare Ave & 55th St",16,1,41.79,-87.73,"red"
"400","Kildare Ave & Chicago Ave",22,6,41.9,-87.73,"red"
"401","Kildare Ave & Division St",46,21,41.9,-87.73,"red"
"402","Kildare Ave & Montrose Ave",337,378,41.9610775434298,-87.7356893055594,"green"
"403","Kilpatrick Ave & Grand Ave",31,9,41.91,-87.74,"red"
"404","Kilpatrick Ave & Parker Ave",126,98,41.93,-87.74,"red"
"405","Kimball Ave & Belmont Ave",1192,1248,41.9394063292637,-87.7115916728294,"green"
"406","Kimbark Ave & 53rd St",5090,8511,41.7995672663286,-87.5947429441487,"green"
"407","Kingsbury St & Erie St",6469,14086,41.8938362861331,-87.6417249904176,"green"
"408","Kingsbury St & Kinzie St",10072,24544,41.8891756504643,-87.638505712552,"green"
"409","Knox Ave & Montrose Ave",338,279,41.9606535401864,-87.7453770222069,"red"
"410","Komensky Ave & 31st St",65,15,41.84,-87.73,"red"
"411","Komensky Ave & 55th St",26,NA,41.79,-87.72,NA
"412","Kosciuszko Park",1292,926,41.9305546619016,-87.7237748134114,"red"
"413","Kostner Ave & 63rd St",23,7,41.78,-87.73,"red"
"414","Kostner Ave & Adams St",89,59,41.8779184313063,-87.7358344572072,"red"
"415","Kostner Ave & Lake St",105,17,41.8859290068934,-87.7353940494809,"red"
"416","Kostner Ave & Wrightwood Ave",190,79,41.93,-87.74,"red"
"417","Laflin St & Cullerton St",1303,1389,41.8548879627305,-87.6635989620347,"green"
"418","Lake Park Ave & 35th St",2387,1063,41.8312735953846,-87.6087959554202,"red"
"419","Lake Park Ave & 47th St",1523,1376,41.8094367721412,-87.5918796304488,"red"
"420","Lake Park Ave & 53rd St",3566,3511,41.7995170626127,-87.5864309967091,"red"
"421","Lake Park Ave & 56th St",2549,4291,41.7932625507071,-87.5878153801739,"green"
"422","Lake Shore Dr & Belmont Ave",5597,4843,41.9407665846264,-87.6391899436303,"red"
"423","Lake Shore Dr & Diversey Pkwy",5824,5245,41.9325824961755,-87.6364243169211,"red"
"424","Lake Shore Dr & Monroe St",19312,5274,41.8809720024946,-87.6167451079815,"red"
"425","Lake Shore Dr & North Blvd",14745,8570,41.9117218475374,-87.626806148052,"red"
"426","Lake Shore Dr & Ohio St",6208,4202,41.8925614005123,-87.6144881195965,"red"
"427","Lake Shore Dr & Wellington Ave",5111,5528,41.9366944449341,-87.6368297629427,"green"
"428","Lakefront Trail & Bryn Mawr Ave",7748,9082,41.9840323130904,-87.6523131731668,"green"
"429","Lakefront Trail & Wilson Ave",4616,4986,41.9658429067437,-87.6453818090174,"green"
"430","Lakeview Ave & Fullerton Pkwy",12191,13261,41.9258647479135,-87.6389705786926,"green"
"431","Lamon Ave & Armitage Ave",187,22,41.92,-87.75,"red"
"432","Lamon Ave & Belmont Ave",143,158,41.94,-87.75,"green"
"433","Lamon Ave & Chicago Ave",26,4,41.9,-87.75,"red"
"434","Laramie Ave & Gladys Ave",66,26,41.875813259058,-87.755306740942,"red"
"435","Laramie Ave & Kinzie St",165,71,41.8878264775593,-87.7555849359492,"red"
"436","Laramie Ave & Madison St",125,83,41.8802164027885,-87.7553582769135,"red"
"437","Larrabee St & Armitage Ave",4631,7026,41.9180900455348,-87.6437519737682,"green"
"438","Larrabee St & Division St",5200,7521,41.9034986575052,-87.6433430876511,"green"
"439","Larrabee St & Kingsbury St",4757,12412,41.8977169025985,-87.6430084900975,"green"
"440","Larrabee St & Menomonee St",2186,4182,41.9146864749708,-87.643328184241,"green"
"441","Larrabee St & North Ave",3445,4934,41.9101951018874,-87.6435025876383,"green"
"442","Larrabee St & Oak St",2455,5851,41.9002283478473,-87.6429892820442,"green"
"443","Larrabee St & Webster Ave",13341,14813,41.9218210149612,-87.6441148258281,"green"
"444","LaSalle Dr & Huron St",6844,8977,41.8948224997573,-87.6323021332283,"green"
"445","LaSalle St & Adams St",2540,3425,41.8793818682242,-87.6319697614167,"green"
"446","LaSalle St & Illinois St",12740,12950,41.8907689950478,-87.6316842368072,"green"
"447","LaSalle St & Jackson Blvd",3529,8970,41.8781071517698,-87.631840176017,"green"
"448","LaSalle St & Washington St",3484,7113,41.8826730522754,-87.6325088033108,"green"
"449","Latrobe Ave & Chicago Ave",119,40,41.8947308018868,-87.7568933092243,"red"
"450","Lavergne & Fullerton",108,70,41.92,-87.75,"red"
"451","Lavergne Ave & 46th St",29,16,41.81,-87.75,"red"
"452","Lavergne Ave & Division St",53,5,41.9,-87.75,"red"
"453","Lawler Ave & 50th St",21,21,41.8,-87.75,"green"
"454","Lawndale Ave & 111th St",252,16,41.6913142170353,-87.7128625720213,"red"
"455","Lawndale Ave & 16th St",52,24,41.86,-87.72,"red"
"456","Lawndale Ave & 30th St",79,8,41.84,-87.72,"red"
"457","Leamington Ave & Hirsch St",36,2,41.91,-87.75,"red"
"458","Leavitt St & Addison St",1173,1636,41.946638491492,-87.6833699194959,"green"
"459","Leavitt St & Archer Ave",413,484,41.8287744403712,-87.6806209602873,"green"
"460","Leavitt St & Armitage Ave",2704,3445,41.91780436427,-87.6824498256055,"green"
"461","Leavitt St & Belmont Ave",1968,2476,41.9393438187466,-87.6832701930254,"green"
"462","Leavitt St & Chicago Ave",2059,2973,41.8954962551047,-87.6820086076653,"green"
"463","Leavitt St & Division St",1900,3046,41.9029954393129,-87.6837967324885,"green"
"464","Leavitt St & Lawrence Ave",1059,1975,41.9688914619171,-87.684013643765,"green"
"465","Leavitt St & North Ave",3487,3950,41.9103979213287,-87.6823744831037,"green"
"466","Lincoln Ave & Addison St",1688,1892,41.9461787062287,-87.6733085742745,"green"
"467","Lincoln Ave & Balmoral Ave",29,74,41.98,-87.69,"green"
"468","Lincoln Ave & Belle Plaine Ave",2293,4094,41.9560074178968,-87.6802144878081,"green"
"469","Lincoln Ave & Belmont Ave",4562,7390,41.9393709624479,-87.6683509296914,"green"
"470","Lincoln Ave & Diversey Pkwy",6605,10384,41.9322143801791,-87.6586374881289,"green"
"471","Lincoln Ave & Fullerton Ave",11170,13464,41.9257051544315,-87.6489259847774,"green"
"472","Lincoln Ave & Peterson Ave",14,10,41.99,-87.71,"red"
"473","Lincoln Ave & Roscoe St",5004,7558,41.9434139931971,-87.6709837876477,"green"
"474","Lincoln Ave & Roscoe St - Charging",NA,3,41.9433867482222,-87.6709714086667,NA
"475","Lincoln Ave & Sunnyside Ave",1909,3832,41.9630131536215,-87.6847885748623,"green"
"476","Lincoln Ave & Waveland Ave",1950,3514,41.9488010295701,-87.6752720013883,"green"
"477","Lincoln Ave & Winona St",1080,1527,41.9749151648913,-87.6925884637129,"green"
"478","Lincoln Park Conservatory",9416,5993,41.9239613358548,-87.6358388085767,"red"
"479","Lincolnwood Dr & Central St",267,483,42.0648330437778,-87.7153064506667,"green"
"480","Lockwood Ave & Wrightwood Ave",146,105,41.93,-87.76,"red"
"481","Logan Blvd & Elston Ave",3018,3683,41.9294564610744,-87.6841658309051,"green"
"482","Long & Irving Park",219,168,41.95,-87.76,"red"
"483","Long Ave & Belden Ave",111,96,41.92,-87.76,"red"
"484","Long Ave & Belmont Ave",119,97,41.94,-87.76,"red"
"485","Long Ave & North Ave",46,3,41.91,-87.76,"red"
"486","Loomis Blvd & 84th St",165,48,41.7415222337561,-87.658415920293,"red"
"487","Loomis St & 89th St",166,10,41.7324654905939,-87.658088046959,"red"
"488","Loomis St & Archer Ave",520,840,41.8416382673695,-87.6574436399121,"green"
"489","Loomis St & Jackson Blvd",2143,5068,41.8779416495464,-87.6620101350694,"green"
"490","Loomis St & Lexington St",2797,14618,41.8721886999651,-87.6614953756578,"green"
"491","Lyft Driver Center Private Rack",NA,1,41.9,-87.66,NA
"492","Major Ave & Bloomingdale Ave",53,10,41.91,-87.77,"red"
"493","Major Taylor Trail & 115th St",186,112,41.6849559958355,-87.6452926908254,"red"
"494","Major Taylor Trail & 124th St",112,34,41.6687101791003,-87.6371655405596,"red"
"495","Malcolm X College Vaccination Site",958,970,41.8776140702744,-87.6738958840702,"green"
"496","Manor Ave & Leland Ave",599,1509,41.9658682123359,-87.7008291864249,"green"
"497","Maplewood Ave & 59th St",30,3,41.79,-87.69,"red"
"498","Maplewood Ave & Peterson Ave",413,273,41.990236615302,-87.6933759325368,"red"
"499","Marine Dr & Ainslie St",4227,4691,41.9716119314299,-87.6501621470527,"green"
"500","Marquette Ave & 89th St",137,40,41.733676453082,-87.5584056990111,"red"
"501","Marshfield Ave & 44th St",100,312,41.8140081360316,-87.6666143182759,"green"
"502","Marshfield Ave & 59th St",54,31,41.7868022529412,-87.6661995117647,"red"
"503","Marshfield Ave & Cortland St",691,1213,41.9160182252276,-87.6689358183648,"green"
"504","Maryland Ave & 104th St",55,2,41.71,-87.6,"red"
"505","Mason Ave & Belmont Ave",117,21,41.94,-87.7701449275362,"red"
"506","May St & 69th St",159,81,41.7689460771056,-87.6529367694431,"red"
"507","May St & Cullerton St",1037,1215,41.8551488819657,-87.654137619443,"green"
"508","May St & Taylor St",2580,7621,41.8694690449064,-87.6554822327906,"green"
"509","Mayfield & Roosevelt Rd",3,NA,41.87,-87.77,NA
"510","McClurg Ct & Erie St",8041,13040,41.8945234920663,-87.6179988380696,"green"
"511","McClurg Ct & Ohio St",145,612,41.8926351946063,-87.6172902406215,"green"
"512","McCormick Place",3217,1147,41.851404501292,-87.6188413226828,"red"
"513","Meade Ave & Addison St",111,37,41.95,-87.78,"red"
"514","Meade Ave & Diversey Ave",97,32,41.93,-87.78,"red"
"515","Menard Ave & Division St",46,4,41.9,-87.77,"red"
"516","Menard Ave & North Ave",10,4,41.91,-87.77,"red"
"517","Michigan Ave & 114th St",94,14,41.6888327076749,-87.6213688389709,"red"
"518","Michigan Ave & 14th St",5703,8911,41.8641204647508,-87.6237193782475,"green"
"519","Michigan Ave & 18th St",3804,6319,41.8578289524668,-87.6245492198411,"green"
"520","Michigan Ave & 71st St",114,30,41.7652910104167,-87.6217349884259,"red"
"521","Michigan Ave & 8th St",13644,6022,41.8727187914796,-87.6239863793177,"red"
"522","Michigan Ave & Ida B Wells Dr",5303,2852,41.8762324010491,-87.6244359396329,"red"
"523","Michigan Ave & Jackson Blvd",8220,3875,41.8778407492368,-87.6240798604946,"red"
"524","Michigan Ave & Lake St",14712,11335,41.8859944856031,-87.624190403455,"red"
"525","Michigan Ave & Madison St",6879,5740,41.8820929342043,-87.6251284992978,"red"
"526","Michigan Ave & Oak St",29776,14633,41.9009709413867,-87.6237640031517,"red"
"527","Michigan Ave & Pearson St",8009,5794,41.8975318290116,-87.6235224122388,"red"
"528","Michigan Ave & Washington St",14283,11450,41.8839665456486,-87.6245744729861,"red"
"529","Mies van der Rohe Way & Chestnut St",8259,10701,41.8985783432946,-87.6220692818413,"green"
"530","Mies van der Rohe Way & Chicago Ave",6437,10850,41.8969845021597,-87.6217352114669,"green"
"531","Millard Ave & 26th St",220,87,41.8445414616373,-87.7159478863048,"red"
"532","Millennium Park",33586,8813,41.8810577924365,-87.6240848159903,"red"
"533","Milwaukee Ave & Cuyler Ave",368,527,41.9544763594339,-87.7496044189542,"green"
"534","Milwaukee Ave & Fullerton Ave",126,137,41.9200380228137,-87.7,"green"
"535","Milwaukee Ave & Grand Ave",8336,11871,41.8915990081913,-87.6483473330272,"green"
"536","Milwaukee Ave & Rockwell St",2363,2781,41.9202161375835,-87.6926547716513,"green"
"537","Milwaukee Ave & Wabansia Ave",5849,8445,41.9126189748869,-87.6814022289764,"green"
"538","MLK Jr Dr & 29th St",1725,6313,41.8420459251993,-87.616982602401,"green"
"539","MLK Jr Dr & 47th St",729,240,41.8098421454874,-87.6162854912263,"red"
"540","MLK Jr Dr & 56th St",291,191,41.7934469521762,-87.6158544958229,"red"
"541","MLK Jr Dr & 63rd St",273,186,41.7800897921704,-87.6159514403376,"red"
"542","MLK Jr Dr & 83rd St",57,21,41.743109715812,-87.6148043354701,"red"
"543","MLK Jr Dr & Pershing Rd",796,571,41.8245854782924,-87.6167774017932,"red"
"544","Monticello Ave & Chicago Ave",40,18,41.9,-87.72,"red"
"545","Monticello Ave & Irving Park Rd",815,688,41.9539978455717,-87.7190874202907,"red"
"546","Montrose Harbor",11817,8137,41.9639772711413,-87.6381841778477,"red"
"547","Morgan Ave & 14th Pl",1108,3831,41.8623854215461,-87.6510808017409,"green"
"548","Morgan St & 18th St",2224,2889,41.8580782678302,-87.6510840130242,"green"
"549","Morgan St & 31st St",1308,2279,41.8377928063842,-87.6511566607568,"green"
"550","Morgan St & Lake St",9303,11095,41.8855113124288,-87.6522452979567,"green"
"551","Morgan St & Pershing Rd",110,100,41.8236210277429,-87.650922552473,"red"
"552","Morgan St & Polk St",1867,8948,41.8717935927259,-87.6510252571818,"green"
"553","Mozart St & Jackson Blvd",4,14,41.88,-87.7,"green"
"554","Mulligan Ave & Wellington Ave",127,168,41.93,-87.78,"green"
"555","Museum of Science and Industry",3532,2161,41.7917376783961,-87.5839470561875,"red"
"556","N Carpenter St & W Lake St",153,266,41.89,-87.65,"green"
"557","N Clark St & W Elm St",5,10,41.9,-87.63,"green"
"558","N Damen Ave & W Chicago Ave",14,14,41.9,-87.68,"green"
"559","N Damen Ave & W Wabansia St",NA,1,41.91,-87.68,NA
"560","N Green St & W Lake St",1384,1310,41.89,-87.65,"red"
"561","N Hampden Ct & W Diversey Ave",NA,1,41.93,-87.64,NA
"562","N Paulina St & Lincoln Ave",114,106,41.94,-87.67,"red"
"563","N Sheffield Ave & W Wellington Ave",455,345,41.94,-87.65,"red"
"564","N Shore Channel Trail & Argyle Ave",3,8,41.97,-87.7,"green"
"565","N Shore Channel Trail & Argyle St",4,5,41.97,-87.7,"green"
"566","N Southport Ave & W Newport Ave",297,218,41.94,-87.66,"red"
"567","Narragansett & Irving Park",87,33,41.95,-87.79,"red"
"568","Narragansett & McLean",47,22,41.92,-87.79,"red"
"569","Narragansett & Wrightwood",168,73,41.93,-87.79,"red"
"570","Narragansett Ave & School St",104,57,41.94,-87.79,"red"
"571","New St & Illinois St",15465,12090,41.89082464124,-87.6185062041443,"red"
"572","Noble St & Milwaukee Ave",3623,6217,41.9006856809955,-87.6625928816489,"green"
"573","Nordica & Medill",76,41,41.92,-87.8,"red"
"574","Normal Ave & Archer Ave",352,919,41.849527336085,-87.6405874944993,"green"
"575","North Ave & New England Ave",35,18,41.91,-87.8,"red"
"576","Oak Park & Wellington",78,50,41.93,-87.8,"red"
"577","Oakley Ave & Irving Park Rd",1125,1338,41.9543190128269,-87.6860713339188,"green"
"578","Oakley Ave & Touhy Ave",345,264,42.0123439553021,-87.6882528649579,"red"
"579","Ogden Ave & Chicago Ave",5260,6812,41.8963630182073,-87.6540658818404,"green"
"580","Ogden Ave & Congress Pkwy",754,2160,41.875009536001,-87.6732532178005,"green"
"581","Ogden Ave & Race Ave",3761,7579,41.8917971276956,-87.6587794845501,"green"
"582","Ogden Ave & Roosevelt Rd",720,947,41.8665085123691,-87.684648642102,"green"
"583","Oglesby Ave & 100th St",106,33,41.7133528133476,-87.5658593987673,"red"
"584","Oketo Ave & Addison St",77,7,41.9416666666667,-87.81,"red"
"585","Olive Harvey College",4,9,41.7095245351538,-87.5902375113846,"green"
"586","Orange & Addison",59,19,41.9402564102564,-87.82,"red"
"587","Orleans St & Chestnut St (NEXT Apts)",4840,7169,41.8981673181614,-87.6375348397224,"green"
"588","Orleans St & Elm St",2407,3452,41.9029175339847,-87.6377181019184,"green"
"589","Orleans St & Hubbard St",3498,7185,41.8899677405542,-87.6366213207793,"green"
"590","Orleans St & Merchandise Mart Plaza",6763,13021,41.888147316967,-87.6365908880183,"green"
"591","Panama Ave & Grace St",25,5,41.95,-87.83,"red"
"592","Parkside Ave & Armitage Ave",48,7,41.92,-87.77,"red"
"593","Paulina Ave & North Ave",4672,5639,41.9101497748112,-87.6700197600173,"green"
"594","Paulina St & 18th St",1925,2463,41.8578951601332,-87.6686998450962,"green"
"595","Paulina St & Flournoy St",1990,8688,41.8729653840163,-87.6691123169302,"green"
"596","Paulina St & Howard St",970,1366,42.0191044888549,-87.6735990398398,"green"
"597","Paulina St & Montrose Ave",1295,2250,41.9615045742846,-87.6714024968752,"green"
"598","Pawel Bialowas - Test- PBSC charging station",1,NA,45.635034323,-73.79647696,NA
"599","Peoria St & Jackson Blvd",5392,10822,41.8776480209899,-87.6495797075741,"green"
"600","Perry Ave & 69th St",213,33,41.7692846443533,-87.6282131131972,"red"
"601","Phillips Ave & 79th St",242,112,41.7518228106638,-87.5652160692222,"red"
"602","Phillips Ave & 83rd St",100,13,41.7445322511652,-87.5650727597286,"red"
"603","Pine Grove Ave & Irving Park Rd",6490,8656,41.9543852428743,-87.6480552523548,"green"
"604","Pine Grove Ave & Waveland Ave",8512,12150,41.9494438447327,-87.6464558245092,"green"
"605","Ping Tom Park (East)",9,19,41.86,-87.63,"green"
"606","Plainfield & Irving Park",62,3,41.95,-87.83,"red"
"607","Prairie Ave & 43rd St",730,324,41.8166632689592,-87.6194164512697,"red"
"608","Prairie Ave & Garfield Blvd",735,643,41.7948518336391,-87.6187257667559,"red"
"609","Princeton Ave & 47th St",318,149,41.8093225289251,-87.6334593219343,"red"
"610","Princeton Ave & Garfield Blvd",235,156,41.7949791094177,-87.6331210052575,"red"
"611","Prospect Sq & 91st St",253,88,41.7280846960626,-87.6675798852727,"red"
"612","Pulaski & Ann Lurie Pl",13,10,41.82,-87.72,"red"
"613","Pulaski Rd & 21st St",97,19,41.85,-87.72,"red"
"614","Pulaski Rd & 51st St",54,18,41.8,-87.72,"red"
"615","Pulaski Rd & 60th St",20,10,41.78,-87.72,"red"
"616","Pulaski Rd & Congress Pkwy",172,51,41.8743318750882,-87.725826087852,"red"
"617","Pulaski Rd & Eddy St (Temp)",378,185,41.9462705067235,-87.7310493940935,"red"
"618","Pulaski Rd & Lake St",195,158,41.8853755912455,-87.7266110996874,"red"
"619","Racine Ave & 13th St",668,551,41.865043094414,-87.6569764615587,"red"
"620","Racine Ave & 15th St",1334,1870,41.8612577014505,-87.6565792308119,"green"
"621","Racine Ave & 18th St",3039,4598,41.8581821814121,-87.6564796005167,"green"
"622","Racine Ave & 35th St",526,628,41.8306780393256,-87.6560574836889,"green"
"623","Racine Ave & 61st St",32,28,41.7831853151944,-87.6543633816889,"red"
"624","Racine Ave & 65th St",55,15,41.77539765,-87.6543041595238,"red"
"625","Racine Ave & Belmont Ave",7509,7684,41.9397260381608,-87.6588657414994,"green"
"626","Racine Ave & Congress Pkwy",1560,4321,41.8746408887214,-87.6570299110325,"green"
"627","Racine Ave & Fullerton Ave",5075,10499,41.9255805885336,-87.6584245818049,"green"
"628","Racine Ave & Garfield Blvd",109,37,41.7942318047945,-87.6550863207763,"red"
"629","Racine Ave & Randolph St",2333,3393,41.8840693099779,-87.6568921368631,"green"
"630","Racine Ave & Washington Blvd",2134,3456,41.8830746346597,-87.6569855862954,"green"
"631","Racine Ave & Wrightwood Ave",3468,5600,41.9288919249184,-87.6589787579001,"green"
"632","Rainbow Beach",226,86,41.7578773033336,-87.5493768707265,"red"
"633","Ravenswood Ave & Berteau Ave",1102,2824,41.9579146653363,-87.6735725233643,"green"
"634","Ravenswood Ave & Irving Park Rd",1921,3930,41.9546662739086,-87.6739129157296,"green"
"635","Ravenswood Ave & Lawrence Ave",4597,8853,41.969098460783,-87.6742343658126,"green"
"636","Rhodes Ave & 32nd St",1323,3114,41.8363508729458,-87.6134940451038,"green"
"637","Rhodes Ave & 71st St",86,17,41.7660059902913,-87.611732592233,"red"
"638","Richmond St & 59th St",28,1,41.79,-87.7,"red"
"639","Richmond St & Diversey Ave",1239,1188,41.9319220687821,-87.7012095811912,"red"
"640","Richmond St & Lincoln Ave",3,20,41.99,-87.7,"green"
"641","Ridge Blvd & Howard St",345,501,42.019268717171,-87.6845244986533,"green"
"642","Ridge Blvd & Touhy Ave",417,343,42.0121317574827,-87.6829161336831,"red"
"643","Ritchie Ct & Banks St",6778,8060,41.9068711768436,-87.626195550477,"green"
"644","Rockwell St & 57th St",42,NA,41.79,-87.69,NA
"645","Rockwell St & Archer Ave",47,41,41.82,-87.69,"red"
"646","Rockwell St & Cermak Rd",40,26,41.85,-87.69,"red"
"647","Rockwell St & Eastwood Ave",816,2356,41.9658717667778,-87.6936469512996,"green"
"648","Rockwell St & Fletcher St",55,75,41.94,-87.69,"green"
"649","Roscoe & Harlem",52,14,41.94,-87.81,"red"
"650","Rush St & Cedar St",9630,11575,41.9023447953089,-87.6277316185579,"green"
"651","Rush St & Hubbard St",4516,5779,41.8901800433496,-87.6262015937854,"green"
"652","Rush St & Superior St",9154,11669,41.8957497971836,-87.6259687403449,"green"
"653","S Aberdeen St & W 106th St",30,32,41.7,-87.65,"green"
"654","S Michigan Ave & E 118th St",19,3,41.68,-87.62,"red"
"655","S Wentworth Ave & W 111th St",27,6,41.69,-87.63,"red"
"656","Sacramento Ave & 25th St",1,3,41.85,-87.7,"green"
"657","Sacramento Ave & Pershing Rd",26,20,41.82,-87.7,"red"
"658","Sacramento Blvd & Addison St",32,31,41.95,-87.7,"red"
"659","Sacramento Blvd & Franklin Blvd",166,241,41.8904925006389,-87.7026247546831,"green"
"660","Sacramento Blvd & Fulton Ave",9,12,41.89,-87.7,"green"
"661","Sacramento Blvd & Polk St",7,1,41.87,-87.7,"red"
"662","Sangamon St & Washington Blvd",4320,6784,41.8830997057214,-87.6511034141494,"green"
"663","Sawyer Ave & Irving Park Rd",708,509,41.9536087095932,-87.7093171747315,"red"
"664","Sayre & Diversey",61,15,41.93,-87.8,"red"
"665","Sedgwick St & Huron St",4357,9977,41.8946614664641,-87.6383829106978,"green"
"666","Sedgwick St & North Ave",8146,9616,41.9113749746293,-87.6386787845658,"green"
"667","Sedgwick St & Schiller St",2816,3407,41.9076211501648,-87.6385361552912,"green"
"668","Sedgwick St & Webster Ave",7091,9401,41.922170377217,-87.6389095277463,"green"
"669","Seeley Ave & Garfield Blvd",51,27,41.7940992371795,-87.6754899401709,"red"
"670","Seeley Ave & Roscoe St",2790,3391,41.9433967910183,-87.6796382602699,"green"
"671","Shabbona Park",2,NA,41.94,-87.8,NA
"672","Shedd Aquarium",23329,5013,41.8672320097972,-87.6153579961601,"red"
"673","Sheffield Ave & Fullerton Ave",7222,12484,41.9255985796146,-87.653709418445,"green"
"674","Sheffield Ave & Kingsbury St",5168,9616,41.9105457880181,-87.6531232415267,"green"
"675","Sheffield Ave & Waveland Ave",10957,9455,41.9493489532608,-87.654506815226,"red"
"676","Sheffield Ave & Webster Ave",8022,10068,41.9215909390313,-87.6538125427447,"green"
"677","Sheffield Ave & Wellington Ave",8054,10622,41.9362680635512,-87.652579615331,"green"
"678","Sheffield Ave & Willow St",4968,9120,41.9137053514422,-87.6528510781611,"green"
"679","Sheffield Ave & Wrightwood Ave",8316,8751,41.9287042447982,-87.6538256850741,"green"
"680","Sheridan Rd & Buena Ave",3546,5973,41.95849743229,-87.6549917521045,"green"
"681","Sheridan Rd & Columbia Ave",1549,2703,42.0045778222754,-87.6614300528209,"green"
"682","Sheridan Rd & Greenleaf Ave",1197,1212,42.0105889221791,-87.6624098611228,"green"
"683","Sheridan Rd & Irving Park Rd",6062,9209,41.9542449967373,-87.6544135149394,"green"
"684","Sheridan Rd & Lawrence Ave",2537,4098,41.9695078764672,-87.6547065267225,"green"
"685","Sheridan Rd & Loyola Ave",2425,2757,42.0010730440109,-87.6612267930857,"green"
"686","Sheridan Rd & Montrose Ave",6306,9644,41.9616420309922,-87.6546423109003,"green"
"687","Sheridan Rd & Noyes St (NU)",2829,3016,42.0582356409293,-87.677445029591,"green"
"688","Shields Ave & 28th Pl",652,1074,41.8427490664678,-87.6354880395126,"green"
"689","Shields Ave & 31st St",677,2622,41.8384549091514,-87.6353994761563,"green"
"690","Shields Ave & 43rd St",104,56,41.8161978730603,-87.634680863615,"red"
"691","Shore Dr & 55th St",6761,7198,41.7952155951511,-87.5807546520235,"green"
"692","Smith Park",937,1556,41.8920308890739,-87.6893920641412,"green"
"693","South Chicago Ave & 83rd St",103,26,41.7439178604651,-87.5752200943152,"red"
"694","South Chicago Ave & Elliot Ave",44,12,41.7473466190476,-87.5800376309524,"red"
"695","South Shore Dr & 67th St",873,523,41.773643998148,-87.5674702052161,"red"
"696","South Shore Dr & 71st St",1030,901,41.7664119601818,-87.5657003148495,"red"
"697","South Shore Dr & 74th St",377,232,41.7622244688221,-87.5592349559787,"red"
"698","Southport Ave & Belmont Ave",5411,5626,41.9394567926027,-87.6637672642385,"green"
"699","Southport Ave & Clark St",1452,2126,41.9570865926011,-87.6641973890165,"green"
"700","Southport Ave & Clybourn Ave",4471,6163,41.9207703789621,-87.6637245386384,"green"
"701","Southport Ave & Irving Park Rd",2953,5239,41.9541696823709,-87.6643357285039,"green"
"702","Southport Ave & Roscoe St",9356,11097,41.9437255701244,-87.6640086970066,"green"
"703","Southport Ave & Waveland Ave",7929,11475,41.9481376801553,-87.6639660971645,"green"
"704","Southport Ave & Wellington Ave",5780,7940,41.9357141412693,-87.6635979807003,"green"
"705","Southport Ave & Wrightwood Ave",6742,6437,41.9287788055073,-87.6639041437655,"red"
"706","Spaulding Ave & 16th St",83,21,41.86,-87.71,"red"
"707","Spaulding Ave & 63rd St",26,5,41.78,-87.71,"red"
"708","Spaulding Ave & Armitage Ave",2321,1802,41.9171080269099,-87.7102282834678,"red"
"709","Spaulding Ave & Division St",1096,1095,41.9027164090498,-87.7092295483861,"red"
"710","Springfield Ave & 47th St",22,18,41.81,-87.72,"red"
"711","St Louis Ave & 59th St",23,NA,41.79,-87.71,NA
"712","St Louis Ave & Norman Bobbins Ave",30,NA,41.79,-87.71,NA
"713","St. Clair St & Erie St",11017,18989,41.8943104466741,-87.6227671524086,"green"
"714","St. Louis Ave & Balmoral Ave",446,505,41.9803715729457,-87.7161212940624,"green"
"715","St. Louis Ave & Fullerton Ave",1606,1505,41.9248298409758,-87.714495878917,"red"
"716","State St & 123rd St",258,14,41.6706654997914,-87.6227338381756,"red"
"717","State St & 19th St",1625,1661,41.8565851260586,-87.627545941505,"green"
"718","State St & 29th St",385,462,41.8417095264896,-87.6269444420228,"green"
"719","State St & 33rd St",1526,8623,41.8347350849797,-87.6258121419214,"green"
"720","State St & 35th St",1107,3053,41.8310431786837,-87.6268273065255,"green"
"721","State St & 54th St",171,80,41.796628940239,-87.6259237788845,"red"
"722","State St & 76th St",38,14,41.757013474359,-87.6246081474359,"red"
"723","State St & 79th St",321,134,41.7507893464747,-87.6244397415407,"red"
"724","State St & 95th St",549,157,41.7217070816808,-87.6228295414599,"red"
"725","State St & Chicago Ave",73,361,41.8966472877513,-87.6286041269555,"green"
"726","State St & Harrison St",5020,4266,41.874037891684,-87.6277034539052,"red"
"727","State St & Kinzie St",10114,11432,41.8891973809351,-87.6277506827941,"green"
"728","State St & Pearson St",5404,7359,41.89745043169,-87.6287289223592,"green"
"729","State St & Pershing Rd",120,192,41.8230248295819,-87.6265734651725,"green"
"730","State St & Randolph St",9930,10645,41.8846458320335,-87.6278775144998,"green"
"731","State St & Van Buren St",3947,5170,41.8771546274184,-87.6278714228134,"green"
"732","Stave St & Armitage Ave",2454,2749,41.9177365622949,-87.6914268302063,"green"
"733","Stetson Ave & South Water St",6202,7381,41.8867258406175,-87.6222472081283,"green"
"734","Stewart Ave & 63rd St",145,54,41.7798443964858,-87.6347717897186,"red"
"735","Stewart Ave & 83rd St",192,27,41.7437153150685,-87.6340908340944,"red"
"736","Stockton Dr & Wrightwood Ave",8952,9786,41.9313173736351,-87.6387329153692,"green"
"737","Stony Island Ave & 64th St",397,160,41.7788782811418,-87.5866543009072,"red"
"738","Stony Island Ave & 67th St",338,94,41.773456490599,-87.5853363184083,"red"
"739","Stony Island Ave & 71st St",383,87,41.7664928198327,-87.5864699839869,"red"
"740","Stony Island Ave & 75th St",246,194,41.7586689841474,-87.5868991152833,"red"
"741","Stony Island Ave & 82nd St",164,121,41.7465556111111,-87.5859939438596,"red"
"742","Stony Island Ave & 90th St",152,74,41.7313973006486,-87.5857695766312,"red"
"743","Stony Island Ave & South Chicago Ave",152,51,41.7511676034483,-87.5853368390805,"red"
"744","Streeter Dr & Grand Ave",66510,16444,41.8922737252684,-87.6120495388607,"red"
"745","Summit Ave & 86th St",105,25,41.737848468661,-87.6448865305274,"red"
"746","Talman Ave & Addison St",1241,1874,41.9466370549549,-87.6946319517393,"green"
"747","Theater on the Lake",21302,15466,41.9262720233208,-87.6308563140482,"red"
"748","Throop St & 52nd St",74,14,41.799664386803,-87.6571941806553,"red"
"749","Throop St & Taylor St",1623,5797,41.8689259551938,-87.6591278084966,"green"
"750","Throop/Hastings Mobile Station",NA,2,41.8515584465,-87.6591342095,NA
"751","Torrence Ave & 106th St",87,9,41.7028484989913,-87.559849208356,"red"
"752","Torrence Ave & 126th Pl",74,7,41.6662849417564,-87.5571964403528,"red"
"753","Tripp Ave & 15th St",34,7,41.86,-87.73,"red"
"754","Tripp Ave & 31st St",105,7,41.84,-87.73,"red"
"755","Tripp Ave & 65th St",28,4,41.77,-87.73,"red"
"756","Troy St & Elston Ave",1093,1337,41.9452373019042,-87.7066461035464,"green"
"757","Troy St & Grace St",44,49,41.95,-87.71,"green"
"758","Troy St & North Ave",1858,1412,41.9097904296605,-87.7053049149683,"red"
"759","Union Ave & Root St",245,329,41.8191214819321,-87.6432786749384,"green"
"760","University Ave & 57th St",4297,14367,41.7914798593685,-87.5998790408226,"green"
"761","University Library (NU)",1345,1789,42.0529370850592,-87.6734152646204,"green"
"762","Valli Produce - Evanston Plaza",578,564,42.039719980561,-87.6994235684431,"red"
"763","Vernon Ave & 107th St",128,3,41.7001749330719,-87.6123026382754,"red"
"764","Vernon Ave & 75th St",175,35,41.7583573666667,-87.6141452301587,"red"
"765","Vernon Ave & 79th St",189,54,41.7509557565158,-87.6137941042524,"red"
"766","Vincennes Ave & 104th St",108,57,41.7049468947509,-87.6570082415508,"red"
"767","Vincennes Ave & 75th St",106,31,41.7579605778589,-87.6312038296837,"red"
"768","Virginia Ave & Catalpa Ave",11,38,41.98,-87.7038775510204,"green"
"769","W 103rd St & S Avers Ave",82,18,41.71,-87.72,"red"
"770","W Armitage Ave & N Sheffield Ave",517,607,41.92,-87.65,"green"
"771","W Oakdale Ave & N Broadway",1177,924,41.94,-87.64,"red"
"772","W Washington Blvd & N Peoria St",102,125,41.88,-87.65,"green"
"773","Wabash Ave & 16th St",3321,6432,41.8603806748157,-87.6258122661916,"green"
"774","Wabash Ave & 83rd St",56,19,41.74332170792,-87.6228344186711,"red"
"775","Wabash Ave & 87th St",296,71,41.7366316303361,-87.6226347297911,"red"
"776","Wabash Ave & 9th St",8340,9635,41.8707334280837,-87.6257371249905,"green"
"777","Wabash Ave & Adams St",5508,5647,41.8794840761417,-87.6257079211079,"green"
"778","Wabash Ave & Cermak Rd",2136,1667,41.8526159619881,-87.6265072443962,"red"
"779","Wabash Ave & Grand Ave",16194,17020,41.8914393938224,-87.6267481271454,"green"
"780","Wabash Ave & Roosevelt Rd",9978,13654,41.8672114261449,-87.6259676602574,"green"
"781","Wabash Ave & Wacker Pl",10488,6209,41.8868850612725,-87.6260617365607,"red"
"782","Wacker Dr & Washington St",3016,6128,41.8831712668124,-87.6370058033214,"green"
"783","Walden Pkwy & 100th St",272,48,41.7122046930013,-87.6677214531212,"red"
"784","Wallace St & 35th St",713,1957,41.8312227136488,-87.6412705204401,"green"
"785","Walsh Park",3650,4972,41.9145945995606,-87.6679641230701,"green"
"786","Warren Park East",502,596,42.0045576341087,-87.6806466279547,"green"
"787","Warren Park West",803,450,42.0017877513315,-87.6888262085483,"red"
"788","Washtenaw Ave & Lawrence Ave",1178,2158,41.9688682113578,-87.6960921438238,"green"
"789","Washtenaw Ave & Madison St",3,1,41.88,-87.69,"red"
"790","Washtenaw Ave & Ogden Ave",558,674,41.8619229801108,-87.6934758646483,"green"
"791","Washtenaw Ave & Peterson Ave",17,3,41.99,-87.7,"red"
"792","Washtenaw Ave & Polk St",6,3,41.87,-87.69,"red"
"793","Wells St & 19th St",1562,1227,41.8567978721403,-87.6338730783793,"red"
"794","Wells St & Concord Ln",19926,24043,41.9121036175818,-87.6347074054812,"green"
"795","Wells St & Elm St",16695,21200,41.9031852818603,-87.6343940136844,"green"
"796","Wells St & Evergreen Ave",13189,13775,41.9067156170593,-87.6349069245832,"green"
"797","Wells St & Hubbard St",9751,15546,41.8899346050712,-87.6342665218271,"green"
"798","Wells St & Huron St",12230,19195,41.8947526149282,-87.634384047368,"green"
"799","Wells St & Polk St",5762,7673,41.8725577196332,-87.6335700464156,"green"
"800","Wells St & Walton St",3970,6004,41.8999412236638,-87.634435009147,"green"
"801","Wentworth Ave & 104th St",91,31,41.7053370084556,-87.6290194337982,"red"
"802","Wentworth Ave & 24th St (Temp)",1072,965,41.8500783593403,-87.6321442814545,"red"
"803","Wentworth Ave & 33rd St",900,1954,41.8345302223151,-87.6318269232818,"green"
"804","Wentworth Ave & 35th St",874,990,41.8307851750084,-87.6325025459215,"green"
"805","Wentworth Ave & 63rd St",299,147,41.7800765891479,-87.6297767451818,"red"
"806","Wentworth Ave & Cermak Rd",5660,3740,41.8530989485981,-87.6319141779645,"red"
"807","WEST CHI-WATSON",83,5,41.8947433276515,-87.7308749583333,"red"
"808","Western & 28th - Velasquez Institute Vaccination Site",74,90,41.8415213959588,-87.6851374662876,"green"
"809","Western Ave & 104th St",204,50,41.7046086461716,-87.6811495526236,"red"
"810","Western Ave & 111th St",256,41,41.6912093075177,-87.6813020398153,"red"
"811","Western Ave & 21st St",757,1311,41.8540911159125,-87.6858471134781,"green"
"812","Western Ave & 24th St",400,608,41.8484746255602,-87.6851267500145,"green"
"813","Western Ave & 62nd St",19,16,41.78,-87.68,"red"
"814","Western Ave & Ardmore Ave",13,11,41.99,-87.69,"red"
"815","Western Ave & Congress Pkwy",1069,2279,41.874701821892,-87.686409464753,"green"
"816","Western Ave & Division St",2924,3122,41.9028986635271,-87.6873191030884,"green"
"817","Western Ave & Fillmore St",1101,4214,41.8685978612349,-87.6862500387439,"green"
"818","Western Ave & Grace St",16,48,41.95,-87.69,"green"
"819","Western Ave & Granville Ave",732,689,41.9941707165776,-87.6894460988717,"red"
"820","Western Ave & Gunnison St",40,68,41.97,-87.69,"green"
"821","Western Ave & Howard St",479,444,42.018919712156,-87.6900424044532,"red"
"822","Western Ave & Lake St",10,1,41.88,-87.69,"red"
"823","Western Ave & Leland Ave",2549,4274,41.9664221111672,-87.6886762650338,"green"
"824","Western Ave & Lunt Ave",512,1009,42.0086019442989,-87.6904679563073,"green"
"825","Western Ave & Monroe St",890,1545,41.8797971863741,-87.686085947047,"green"
"826","Western Ave & Roscoe St",1162,1578,41.9430384736891,-87.6872915823318,"green"
"827","Western Ave & Walton St",3617,4249,41.8984230780925,-87.6865932069131,"green"
"828","Western Ave & Winnebago Ave",4649,5510,41.9155447136146,-87.6870304698439,"green"
"829","Western Blvd & 48th Pl",302,105,41.8056708740409,-87.6833767310565,"red"
"830","Whipple St & Irving Park Rd",NA,1,41.95,-87.7,NA
"831","Whipple St & Roosevelt Rd",3,2,41.87,-87.7,"red"
"832","Whipple/Irving Park",25,16,41.95,-87.7,"red"
"833","Wilton Ave & Belmont Ave",13041,15236,41.9401605103943,-87.6530285239663,"green"
"834","Wilton Ave & Diversey Pkwy",8675,11505,41.9324214663892,-87.6527097752364,"green"
"835","Wilton Ave & Diversey Pkwy - Charging",1,NA,41.932303429,-87.652688146,NA
"836","Winchester (Ravenswood) Ave & Balmoral Ave",740,1242,41.9797651401398,-87.6775464395616,"green"
"837","Winchester Ave & Elston Ave",1679,2129,41.9240891510873,-87.6764605825741,"green"
"838","Winthrop Ave & Lawrence Ave",2999,3940,41.9688276946212,-87.6576455858538,"green"
"839","Wolcott (Ravenswood) Ave & Montrose Ave",1821,3497,41.961417212628,-87.6761989957343,"green"
"840","Wolcott Ave & Fargo Ave",293,223,42.0169581278359,-87.677731510363,"red"
"841","Wolcott Ave & Polk St",1619,8685,41.8712748957393,-87.6736925479254,"green"
"842","Wood St & 35th St",388,390,41.8301164941287,-87.6703070803801,"green"
"843","Wood St & Augusta Blvd",2375,3757,41.8991768683564,-87.6721954067913,"green"
"844","Wood St & Chicago Ave",2895,4706,41.8956314860407,-87.6720923693198,"green"
"845","Wood St & Hubbard St",1839,2862,41.8898898198777,-87.6714887735863,"green"
"846","Wood St & Milwaukee Ave",7750,9139,41.9076440870596,-87.672538263315,"green"
"847","Wood St & Taylor St (Temp)",1096,6189,41.8693141168314,-87.6737507175144,"green"
"848","Woodlawn & 103rd - Olive Harvey Vaccination Site",37,15,41.71,-87.59,"red"
"849","Woodlawn Ave & 55th St",2770,5273,41.7952719197261,-87.5964695827634,"green"
"850","Woodlawn Ave & 75th St",51,15,41.7591759545455,-87.5957579848485,"red"
"851","Woodlawn Ave & Lake Park Ave",891,953,41.8140890044951,-87.59701042542,"green"
"852","Yates Blvd & 75th St",169,44,41.7587584045383,-87.5664371079812,"red"
"853","Yates Blvd & 93rd St",94,55,41.7261576109294,-87.5663399220087,"red"
